{"val_loss": [1.3003643598556518, 1.1371326467514038, 0.9438919848442078, 0.9207310510635376, 0.8131978273391723, 0.7941187428474427, 0.76919289894104, 0.7347394142150879, 0.7632533513069153, 0.7059368658065795, 0.6670042276382446, 0.6531946985244751, 0.6648966968536377, 0.6542830219268799, 0.6020640680313111, 0.6103272924423218, 0.5977527844429016, 0.6252208627700806, 0.5940751743793488, 0.5679034029960632, 0.5825543485641479, 0.5627254501342773, 0.5786584803581237, 0.5520106424331666, 0.5372687415122985, 0.5349318834781647, 0.5382122351646423, 0.524031242275238, 0.5148577369213104, 0.5053059898376465, 0.5185646831512452, 0.5008302072525025, 0.5426118758201599, 0.5172180458545684, 0.4886277587890625, 0.4779550019264221, 0.48086420903205873, 0.5002212005615234, 0.48011676602363584, 0.4715378009796143, 0.46910727996826174, 0.46402617983818056, 0.4701089146137237, 0.4598799372673035, 0.4594562861919403, 0.45755667400360106, 0.46163127522468567, 0.450892520236969, 0.4520407374382019, 0.4451652840614319, 0.4459878231048584, 0.45179911851882937, 0.4420217474937439, 0.4483503293991089, 0.44382005529403684, 0.4387698667526245, 0.4495242398738861, 0.4389858819961548, 0.4342245710372925, 0.43266652207374573, 0.4374873047351837, 0.4284920382976532, 0.43148066864013673, 0.4349887370109558, 0.4282712025642395, 0.4278297370910645, 0.42851343183517454, 0.4292090184688568, 0.4288165250778198, 0.4298810842990875], "val_acc": [0.5383, 0.6008, 0.67, 0.6802, 0.7132, 0.7236, 0.7345, 0.7497, 0.7363, 0.7579, 0.7733, 0.7723, 0.7754, 0.7799, 0.7906, 0.7922, 0.7956, 0.7861, 0.7969, 0.8045, 0.8003, 0.8061, 0.8021, 0.8102, 0.815, 0.8165, 0.8179, 0.8196, 0.8256, 0.8268, 0.8197, 0.8294, 0.8142, 0.8264, 0.8316, 0.837, 0.8373, 0.8293, 0.836, 0.8386, 0.8372, 0.8429, 0.8393, 0.843, 0.8435, 0.8439, 0.844, 0.8484, 0.849, 0.8501, 0.8507, 0.8478, 0.85, 0.8469, 0.8468, 0.8484, 0.8448, 0.8507, 0.8522, 0.8525, 0.8511, 0.8527, 0.8514, 0.8517, 0.8535, 0.8533, 0.8545, 0.8523, 0.8526, 0.8533], "loss": [1.719876523054516, 1.335766892752484, 1.186058080719664, 1.0792068849195084, 1.01241933791464, 0.9486765552888654, 0.9084746212349684, 0.8749004262107108, 0.8439767199118754, 0.8191205327306867, 0.793779344751223, 0.7771902059141316, 0.7577430741292702, 0.7419793077555653, 0.7164481659036384, 0.7051636971788733, 0.6905733887028594, 0.671762165962905, 0.6685978394217768, 0.656033747626283, 0.646930523539002, 0.637251898402856, 0.63001714395201, 0.6207707186839169, 0.6102501356383999, 0.598439442895613, 0.591311934512993, 0.589831078484134, 0.5858361368872959, 0.5753325633955323, 0.5721793201098798, 0.558269742474041, 0.5493076816463807, 0.5539500468321925, 0.54616228677034, 0.5388715038197196, 0.534708925715932, 0.5315640218620383, 0.5223450063990691, 0.5233614614704258, 0.5193722401051826, 0.5086890834144047, 0.5052103946622233, 0.5054126572853401, 0.5005036349701064, 0.4977982551842995, 0.4978945131906902, 0.48587003649140503, 0.48928025877655257, 0.4840606762712791, 0.4729780799415928, 0.4738209011729655, 0.477625109711277, 0.47304534700122336, 0.46604149388755145, 0.46432466703284747, 0.4586421608619299, 0.4563990509765953, 0.45411893294736844, 0.45620068716758416, 0.4532233794237398, 0.456881674979979, 0.4524961940392742, 0.43865533520189165, 0.4438906220127779, 0.437970490820016, 0.43635647457710103, 0.4404002339631386, 0.4345432881818525, 0.43462974597001375], "acc": [0.4147527208706786, 0.5240307593719962, 0.5790411727010574, 0.6200736943287408, 0.6454061198333867, 0.6652314963152836, 0.681852771547581, 0.6907842037808395, 0.7050224287087472, 0.7116509131688561, 0.7216837552066645, 0.7256688561358539, 0.7335389298301827, 0.7394464915091317, 0.7487383851329702, 0.7518623838513298, 0.7594921499519385, 0.7655198654277475, 0.7672220442165972, 0.7696651714194168, 0.7732898109580263, 0.7795378083947453, 0.7798181672540853, 0.7859259852611342, 0.787568087151554, 0.7896707785966036, 0.793535725728933, 0.7955783402755527, 0.7948574174943929, 0.7986022108298623, 0.8016260813841717, 0.8044897468760013, 0.8081944889458507, 0.8086150272348607, 0.8103172060237104, 0.81215956424223, 0.8133010253123999, 0.8145025632809997, 0.8166653316244793, 0.818848125600769, 0.819368792053829, 0.8239346363345081, 0.8228933034283883, 0.8228532521627684, 0.825596763857738, 0.8268984299903877, 0.8278196090996476, 0.8293615828260174, 0.830643223325857, 0.8304229413649471, 0.8343679910285166, 0.8335869913489267, 0.8330863505286767, 0.8343079141300865, 0.8367910925985261, 0.837852451137456, 0.8401153476449856, 0.8403957065043255, 0.8413369112463954, 0.8403756808715155, 0.8411366549182954, 0.8402355014418456, 0.8415972444729254, 0.8471643703941044, 0.8451217558474848, 0.8482257289330343, 0.8475849086831144, 0.8465035245113746, 0.8486462672220442, 0.8475048061518744], "lr": [0.004999999888241291, 0.00492857163771987, 0.004857142921537161, 0.004785714205354452, 0.004714285489171743, 0.004642857238650322, 0.004571428522467613, 0.0044999998062849045, 0.004428571555763483, 0.004357142839580774, 0.004285714123398066, 0.004214285872876644, 0.004142857156693935, 0.004071428440511227, 0.004000000189989805, 0.0039285714738070965, 0.0038571427576243877, 0.0037857142742723227, 0.0037142857909202576, 0.003642857074737549, 0.0035714285913854837, 0.0035000001080334187, 0.00342857139185071, 0.003357142908498645, 0.003285714192315936, 0.003214285708963871, 0.003142857225611806, 0.003071428509429097, 0.003000000026077032, 0.002928571542724967, 0.0028571428265422583, 0.002785714343190193, 0.0027142856270074844, 0.0026428571436554193, 0.0025714286603033543, 0.0024999999441206455, 0.0024285714607685804, 0.0023571427445858717, 0.0022857142612338066, 0.0022142857778817415, 0.002142857061699033, 0.0020714285783469677, 0.0020000000949949026, 0.0019285713788121939, 0.0018571428954601288, 0.0017857142956927419, 0.001714285695925355, 0.001642857096157968, 0.001571428612805903, 0.001500000013038516, 0.0014285714132711291, 0.0013571428135037422, 0.0012857143301516771, 0.0012142857303842902, 0.0011428571306169033, 0.0010714285308495164, 0.0010000000474974513, 0.0009285714477300644, 0.0008571428479626775, 0.0007857143064029515, 0.0007142857066355646, 0.0006428571650758386, 0.0005714285653084517, 0.0005000000237487257, 0.00042857142398133874, 0.0003571428533177823, 0.0002857142826542258, 0.00021428571199066937, 0.0001428571413271129]}