{"val_loss": [1.4303689945220948, 0.9340343635559082, 0.9633296619415284, 0.899513038444519, 0.9485792072296143, 0.7385541616439819, 0.7178438028335571, 0.7269598697662354, 0.6374657826423645, 0.5886239981651307, 0.6222069046020507, 0.6245092481613159, 0.5847386816978455, 0.5739107710838318, 0.5621577740192414, 0.5207191125869751, 0.5334361158370972, 0.5320367530822754, 0.5002404491901398, 0.4867668333530426, 0.49655599670410155, 0.5179320580005645, 0.4768287523031235, 0.5431495733737945, 0.44138293056488037, 0.4982518144607544, 0.48214219732284547, 0.4567393736839294, 0.4425219572544098, 0.4801339467525482, 0.4545291744232178, 0.5106194595336914, 0.45075249366760256, 0.4180763080120087, 0.4625373225688934, 0.4414373688220978, 0.43821388597488403, 0.42473678607940674, 0.4354141625881195, 0.4356147316455841, 0.42134556164741516, 0.4068963351726532, 0.41549939470291136, 0.42375235137939454, 0.39201515974998474, 0.3990361147880554, 0.42446764335632325, 0.3825040805339813, 0.4093397790431976, 0.4006866050720215, 0.3946280925989151, 0.41708342661857606, 0.3861193421840668, 0.38520769209861755, 0.38581385159492493, 0.385956218624115, 0.38110806522369384, 0.3827523705482483, 0.3848821194171905, 0.38185556287765504, 0.3718635235309601, 0.37816663892269137, 0.3746958783864975, 0.3772443558216095, 0.37626786954402924, 0.37594431977272036, 0.3660916213035583, 0.36725863394737246, 0.37271578726768495, 0.3682627694606781], "val_acc": [0.5294, 0.676, 0.6714, 0.6992, 0.6762, 0.7462, 0.7515, 0.752, 0.7786, 0.7942, 0.7845, 0.7833, 0.8021, 0.8033, 0.8145, 0.8186, 0.8183, 0.8163, 0.828, 0.8337, 0.8317, 0.8195, 0.8384, 0.8165, 0.8491, 0.8335, 0.8396, 0.8468, 0.8503, 0.8381, 0.8457, 0.8334, 0.8513, 0.8595, 0.8454, 0.8538, 0.8583, 0.8581, 0.858, 0.8541, 0.8595, 0.8648, 0.8615, 0.8597, 0.8697, 0.8654, 0.8588, 0.8692, 0.8673, 0.8696, 0.8676, 0.8633, 0.8712, 0.8713, 0.8738, 0.8716, 0.874, 0.8744, 0.8746, 0.874, 0.8789, 0.8735, 0.8747, 0.8768, 0.8766, 0.8769, 0.8786, 0.8787, 0.8778, 0.8779], "loss": [1.6727972928143646, 1.1664092527563394, 1.0115059632515533, 0.9253121711855629, 0.8657879980662357, 0.8231105462208423, 0.7892565841439518, 0.7557071695645549, 0.7303565691121684, 0.7030997804936902, 0.694964983531276, 0.6688588196098404, 0.6471371639619, 0.6324392604888994, 0.6191488475762893, 0.6300716833478555, 0.6060431914923856, 0.5861537208907767, 0.569889407859174, 0.5592901489743053, 0.5548213003003342, 0.5387383484565382, 0.5415421526464885, 0.5279599121082138, 0.509297215338893, 0.5110529122139467, 0.500732722915697, 0.5018638314363553, 0.48670577447179875, 0.479307430785881, 0.47478488753217035, 0.4716327971695555, 0.46313580910734015, 0.46485101563622655, 0.45727529277674706, 0.45029339125545237, 0.44278758533181994, 0.43873821917499956, 0.43144421881492684, 0.4229512874780653, 0.4266087958844034, 0.41775021213860286, 0.41297559703209963, 0.4084919980801439, 0.4067611661678474, 0.4009899589752624, 0.3973982925599907, 0.39319127202224974, 0.3838601694088722, 0.38291304406925714, 0.3774212673855531, 0.3804308237917948, 0.3720870865571579, 0.36989659128262425, 0.3694662491563267, 0.3589008788636998, 0.3610699130762315, 0.3650032107511494, 0.35498983480539964, 0.351641421200029, 0.343291652370668, 0.34291308513821334, 0.33930528403588955, 0.3400052185434441, 0.33852346092032837, 0.3282882275011478, 0.331714155218686, 0.333407916183542, 0.32413841859914677, 0.32662958024175304], "acc": [0.42843709987195905, 0.5833867350208266, 0.6429029157321371, 0.6743431592438321, 0.6942286126241589, 0.7108899391220762, 0.7263297020185838, 0.7353812880487023, 0.7469961550785005, 0.7543856135853892, 0.7594921499519385, 0.7675024030759372, 0.7767942966997757, 0.781500320410125, 0.7837031400192246, 0.7803588593399552, 0.7904718039090035, 0.7956183915411728, 0.8022869272669017, 0.8061118231336111, 0.806272028196091, 0.8136414610701698, 0.8103372316565204, 0.8174263056712592, 0.8225728933034284, 0.8231336110221082, 0.8253764818968279, 0.8262175584748478, 0.8301425825056071, 0.8336070169817367, 0.8357097084267863, 0.8345682473566165, 0.8376321691765459, 0.8398950656840756, 0.8436198333867351, 0.8428388337071452, 0.843479653957065, 0.8476249599487344, 0.8494673181672541, 0.8523309836590837, 0.8508490868311439, 0.8554349567446331, 0.8569569048381929, 0.8579181352130727, 0.8569569048381929, 0.8595602371034925, 0.8612824415251522, 0.8616629285485421, 0.8670498237744313, 0.8656480294777315, 0.8666092598526114, 0.8667894905479013, 0.8705142582505607, 0.869012335789811, 0.8716356936879205, 0.8721563601409804, 0.8726970522268503, 0.8727971803909004, 0.87524030759372, 0.8751602050624799, 0.8802467157962192, 0.881368151233579, 0.8814082024991989, 0.880987664210189, 0.8827499198974688, 0.8845322012175585, 0.8828500480615188, 0.8836510733739186, 0.8859139698814482, 0.8844520986863185], "lr": [0.004999999888241291, 0.00492857163771987, 0.004857142921537161, 0.004785714205354452, 0.004714285489171743, 0.004642857238650322, 0.004571428522467613, 0.0044999998062849045, 0.004428571555763483, 0.004357142839580774, 0.004285714123398066, 0.004214285872876644, 0.004142857156693935, 0.004071428440511227, 0.004000000189989805, 0.0039285714738070965, 0.0038571427576243877, 0.0037857142742723227, 0.0037142857909202576, 0.003642857074737549, 0.0035714285913854837, 0.0035000001080334187, 0.00342857139185071, 0.003357142908498645, 0.003285714192315936, 0.003214285708963871, 0.003142857225611806, 0.003071428509429097, 0.003000000026077032, 0.002928571542724967, 0.0028571428265422583, 0.002785714343190193, 0.0027142856270074844, 0.0026428571436554193, 0.0025714286603033543, 0.0024999999441206455, 0.0024285714607685804, 0.0023571427445858717, 0.0022857142612338066, 0.0022142857778817415, 0.002142857061699033, 0.0020714285783469677, 0.0020000000949949026, 0.0019285713788121939, 0.0018571428954601288, 0.0017857142956927419, 0.001714285695925355, 0.001642857096157968, 0.001571428612805903, 0.001500000013038516, 0.0014285714132711291, 0.0013571428135037422, 0.0012857143301516771, 0.0012142857303842902, 0.0011428571306169033, 0.0010714285308495164, 0.0010000000474974513, 0.0009285714477300644, 0.0008571428479626775, 0.0007857143064029515, 0.0007142857066355646, 0.0006428571650758386, 0.0005714285653084517, 0.0005000000237487257, 0.00042857142398133874, 0.0003571428533177823, 0.0002857142826542258, 0.00021428571199066937, 0.0001428571413271129]}